"id","mode","size","pos","rep","echo","act","pass"
"1","observe","14","1","1","10","0","True"
"2","observe","1000","1","1","10","0","True"
"3","replay","14","1","1","10","1","True"
"4","replay","14","1","2","10","1","True"
"5","replay","14","1","3","10","1","True"
"6","replay","1000","1","1","10","1","True"
"7","replay","1000","1","2","10","1","True"
"8","replay","1000","1","3","10","1","True"
"9","tamper","14","1","1","0","1","True"
"10","tamper","14","1","2","0","1","True"
"11","tamper","14","1","3","0","1","True"
"12","tamper","14","5","1","4","1","True"
"13","tamper","14","5","2","4","1","True"
"14","tamper","14","5","3","4","1","True"
"15","tamper","14","10","1","9","1","True"
"16","tamper","14","10","2","9","1","True"
"17","tamper","14","10","3","9","1","True"
"18","tamper","1000","1","1","0","1","True"
"19","tamper","1000","1","2","0","1","True"
"20","tamper","1000","1","3","0","1","True"
"21","tamper","1000","5","1","4","1","True"
"22","tamper","1000","5","2","4","1","True"
"23","tamper","1000","5","3","4","1","True"
"24","tamper","1000","10","1","9","1","True"
"25","tamper","1000","10","2","9","1","True"
"26","tamper","1000","10","3","9","1","True"
"27","truncate","14","1","1","0","1","True"
"28","truncate","14","1","2","0","1","True"
"29","truncate","14","1","3","0","1","True"
"30","truncate","14","5","1","4","1","True"
"31","truncate","14","5","2","4","1","True"
"32","truncate","14","5","3","4","1","True"
"33","truncate","14","10","1","9","1","True"
"34","truncate","14","10","2","9","1","True"
"35","truncate","14","10","3","9","1","True"
"36","truncate","1000","1","1","0","1","True"
"37","truncate","1000","1","2","0","1","True"
"38","truncate","1000","1","3","0","1","True"
"39","truncate","1000","5","1","4","1","True"
"40","truncate","1000","5","2","4","1","True"
"41","truncate","1000","5","3","4","1","True"
"42","truncate","1000","10","1","9","1","True"
"43","truncate","1000","10","2","9","1","True"
"44","truncate","1000","10","3","9","1","True"
"45","sequence","14","1","1","0","1","True"
"46","sequence","14","1","2","0","1","True"
"47","sequence","14","1","3","0","1","True"
"48","sequence","14","5","1","4","1","True"
"49","sequence","14","5","2","4","1","True"
"50","sequence","14","5","3","4","1","True"
"51","sequence","14","10","1","9","1","True"
"52","sequence","14","10","2","9","1","True"
"53","sequence","14","10","3","9","1","True"
"54","sequence","1000","1","1","0","1","True"
"55","sequence","1000","1","2","0","1","True"
"56","sequence","1000","1","3","0","1","True"
"57","sequence","1000","5","1","4","1","True"
"58","sequence","1000","5","2","4","1","True"
"59","sequence","1000","5","3","4","1","True"
"60","sequence","1000","10","1","9","1","True"
"61","sequence","1000","10","2","9","1","True"
"62","sequence","1000","10","3","9","1","True"
"63","epoch","14","1","1","0","1","True"
"64","epoch","14","1","2","0","1","True"
"65","epoch","14","1","3","0","1","True"
"66","epoch","14","5","1","4","1","True"
"67","epoch","14","5","2","4","1","True"
"68","epoch","14","5","3","4","1","True"
"69","epoch","14","10","1","9","1","True"
"70","epoch","14","10","2","9","1","True"
"71","epoch","14","10","3","9","1","True"
"72","epoch","1000","1","1","0","1","True"
"73","epoch","1000","1","2","0","1","True"
"74","epoch","1000","1","3","0","1","True"
"75","epoch","1000","5","1","4","1","True"
"76","epoch","1000","5","2","4","1","True"
"77","epoch","1000","5","3","4","1","True"
"78","epoch","1000","10","1","9","1","True"
"79","epoch","1000","10","2","9","1","True"
"80","epoch","1000","10","3","9","1","True"
